ID_Cliente,Nome,Estado,Cidade
1,Vinicius Azevedo,CE,Ramos de Goiás
2,Noah da Luz,CE,da Mota das Pedras
3,Pedro Nunes,SE,Borges Paulista
4,Dra. Ana Luiza Monteiro,DF,Duarte do Norte
5,Valentim Câmara,GO,Pastor do Galho
6,Cauê Vargas,RN,Silveira
7,Isaque Rocha,TO,Guerra Alegre
8,Fernanda Gonçalves,SP,Pinto
9,Bianca Rocha,BA,Borges
10,Luísa Marques,PR,Montenegro
11,Srta. Clara Sales,BA,Oliveira da Prata
12,Davi Cirino,PA,Caldeira de Duarte
13,André da Costa,GO,Barbosa de Silveira
14,Isis Montenegro,CE,Marques de Goiás
15,Cecília Cirino,AL,Moura
16,Luiz Gustavo da Rocha,BA,Rezende
17,Matheus Mendonça,PR,Novaes do Sul
18,Diego Novaes,MT,Borges
19,Vitória Gonçalves,AP,Leão
20,Juliana Andrade,MS,Rezende
21,Ágatha Costa,PB,Leão
22,Fernanda Gomes,TO,Rodrigues da Praia
23,Lavínia Barros,PI,da Rosa do Oeste
24,Maria Sophia da Rosa,ES,da Rocha
25,Gabriel Ramos,MG,Dias do Sul
26,Letícia Cassiano,SC,Cunha
27,Bento Cunha,AP,Vieira dos Dourados
28,Olivia Marques,RR,Ferreira da Serra
29,Gael Peixoto,PR,Sousa da Serra
30,Pedro Henrique Moraes,SC,Correia de Andrade
31,João Pedro Peixoto,CE,Ramos Paulista
32,Allana Machado,SE,Pastor
33,Isabel Nunes,SP,Oliveira
34,Caleb Novais,BA,Lima de Goiás
35,Natália Abreu,AC,Moreira
36,Benjamim Oliveira,GO,Montenegro do Amparo
37,Alana Moreira,AP,Jesus
38,Sr. Breno Santos,MT,Machado de Cardoso
39,Dr. Danilo Sá,MT,Rocha
40,Luana Peixoto,AC,Ramos da Mata
41,Isaac Monteiro,MA,Nogueira
42,Lorena Cavalcanti,PB,das Neves do Campo
43,Davi Miguel Alves,SC,Moura do Norte
44,Ana Vitória Albuquerque,RO,da Conceição
45,Enzo Gabriel Novais,DF,Peixoto
46,Maria Guerra,PA,Dias Grande
47,João Guilherme Gonçalves,AL,Araújo
48,Amanda Teixeira,RS,Sousa Alegre
49,Luísa Cardoso,RR,Novais de Campos
50,Liz Peixoto,PI,Castro
51,Maria Luiza Leão,AP,Gomes
52,Matteo Abreu,PE,Duarte
53,Eduardo das Neves,RS,Sampaio de Goiás
54,Rafael da Costa,TO,Moura
55,Emanuelly Cavalcante,PI,Borges das Pedras
56,Oliver da Costa,AP,Lima
57,Gabriel Cavalcante,PA,Almeida das Pedras
58,Sofia Sales,CE,Brito do Galho
59,Sra. Isabela Santos,RN,Almeida de Souza
60,Apollo Cardoso,GO,Cunha de Pastor
61,Amanda Dias,CE,da Conceição
62,Dra. Emilly Aparecida,PR,Castro do Oeste
63,Rhavi da Paz,MT,Andrade
64,Isabel Costa,PI,Rodrigues
65,Raul Moraes,PA,Castro
66,Sra. Maria Luiza Abreu,MS,Garcia
67,Ana Sophia Rezende,DF,Nascimento
68,Sara Nunes,AL,Viana da Praia
69,Emilly Monteiro,RO,Gomes
70,Ravy Câmara,SE,Costela Grande
71,Carolina Jesus,AP,Moura de Viana
72,Heloísa Moraes,DF,Duarte
73,Eduardo Cirino,PE,Nogueira
74,Nicolas das Neves,PA,Rodrigues
75,Lorenzo Santos,DF,Novaes
76,Luana Melo,AM,Ferreira de Melo
77,Luiz Henrique Pacheco,BA,Sampaio
78,Isabel Pereira,AL,Farias do Norte
79,Sophia Guerra,MS,Araújo Grande
80,Dr. Enrico Freitas,RO,Ferreira
81,Benjamim Pacheco,AC,Ferreira de Cassiano
82,Luísa da Costa,TO,Jesus da Prata
83,Brenda Santos,ES,Leão
84,Sra. Pietra Vasconcelos,RS,Cavalcanti
85,Fernanda Duarte,SC,Machado da Mata
86,Sra. Heloísa Novais,SE,Carvalho
87,Alícia da Rocha,PR,Nascimento do Galho
88,Heloisa Cavalcanti,PA,Brito de Marques
89,Ana Carolina Azevedo,SE,Lopes
90,Ana Laura Moraes,ES,Sá
91,Henry Peixoto,AM,Duarte dos Dourados
92,Dra. Ayla Pimenta,RN,Campos da Serra
93,Nina das Neves,PR,Leão
94,Dra. Luara Castro,SE,Cavalcanti Verde
95,Paulo Caldeira,AL,Araújo de Caldeira
96,Sra. Sara Martins,RJ,Lima Grande
97,Srta. Ana Beatriz da Luz,TO,Nogueira
98,Srta. Mariah Nogueira,MS,Nunes Verde
99,Dr. Renan Novais,PR,Montenegro de Teixeira
100,Raquel Ribeiro,RJ,Rios de Camargo
