ID_Venda,ID_Cliente,ID_Produto,Data_Venda,Status_Entrega,Custo_Frete
1,70,44,2026-02-04,Atrasado,16.67
2,57,21,2026-01-23,Atrasado,60.79
3,73,35,2026-01-25,Entregue,67.07
4,54,3,2026-01-20,Atrasado,70.53
5,100,27,2025-08-22,Atrasado,30.49
6,73,28,2025-05-16,Entregue,59.71
7,21,8,2025-10-04,Entregue,16.0
8,44,38,2026-01-10,Entregue,41.38
9,1,12,2026-02-23,Entregue,61.27
10,87,42,2025-10-15,Entregue,68.47
11,86,32,2026-01-07,Atrasado,46.19
12,4,32,2025-05-07,Entregue,25.94
13,73,15,2025-12-23,Entregue,61.61
14,23,37,2025-07-28,Entregue,55.75
15,75,2,2026-04-02,Entregue,56.53
16,20,45,2025-05-19,Entregue,62.23
17,82,17,2025-08-07,Entregue,46.08
18,54,23,2025-04-29,Cancelado,63.33
19,94,37,2025-12-06,Entregue,34.88
20,90,47,2026-01-06,Atrasado,32.15
21,2,33,2025-12-29,Entregue,48.22
22,61,16,2026-01-16,Entregue,67.55
23,69,43,2025-09-30,Entregue,77.29
24,45,26,2025-04-29,Entregue,71.3
25,12,30,2026-02-17,Entregue,21.73
26,13,10,2026-02-01,Entregue,36.75
27,34,32,2025-07-07,Cancelado,69.13
28,76,48,2025-12-04,Atrasado,40.22
29,86,29,2025-10-20,Entregue,78.18
30,53,23,2025-06-09,Atrasado,55.72
31,46,15,2025-09-04,Entregue,27.34
32,66,50,2026-01-25,Atrasado,69.94
33,18,26,2026-01-22,Entregue,74.7
34,29,43,2026-04-04,Cancelado,27.59
35,30,40,2025-07-08,Entregue,63.09
36,74,15,2026-04-09,Entregue,37.14
37,20,43,2025-08-15,Atrasado,45.84
38,49,19,2026-01-31,Entregue,27.04
39,88,24,2025-11-04,Entregue,56.96
40,93,19,2026-01-03,Entregue,45.0
41,37,49,2026-04-04,Entregue,15.59
42,84,18,2026-02-07,Entregue,37.31
43,2,5,2025-09-09,Entregue,18.94
44,65,28,2025-08-17,Entregue,42.33
45,80,42,2025-06-21,Entregue,65.77
46,44,5,2026-03-12,Entregue,18.63
47,2,46,2025-06-28,Entregue,38.99
48,94,22,2025-05-27,Cancelado,40.16
49,85,16,2025-09-26,Entregue,27.53
50,98,6,2025-12-09,Entregue,59.38
51,84,30,2026-03-12,Entregue,30.63
52,61,32,2026-04-22,Entregue,51.54
53,9,41,2025-06-08,Entregue,52.47
54,63,35,2026-02-28,Atrasado,62.58
55,68,36,2025-08-13,Entregue,74.34
56,55,22,2025-07-28,Entregue,23.63
57,87,8,2025-11-22,Atrasado,43.14
58,41,40,2025-08-17,Cancelado,16.84
59,47,4,2025-09-24,Atrasado,57.66
60,34,25,2025-05-15,Entregue,33.44
61,96,31,2025-10-03,Entregue,24.8
62,100,3,2025-06-28,Entregue,39.55
63,4,32,2025-06-21,Atrasado,22.07
64,30,9,2025-05-30,Cancelado,29.64
65,68,15,2025-05-27,Atrasado,58.52
66,9,21,2026-03-13,Entregue,72.98
67,49,13,2025-10-12,Entregue,18.11
68,94,19,2025-12-02,Entregue,39.76
69,82,39,2026-01-10,Cancelado,46.06
70,69,31,2026-03-23,Entregue,21.54
71,10,31,2025-07-24,Entregue,61.52
72,63,35,2025-11-28,Entregue,35.32
73,75,47,2026-01-22,Entregue,60.66
74,73,11,2025-08-23,Entregue,39.24
75,99,7,2026-04-27,Atrasado,54.95
76,1,2,2025-08-17,Cancelado,38.49
77,89,32,2026-03-17,Entregue,19.53
78,78,47,2025-10-08,Atrasado,45.09
79,87,46,2025-11-17,Entregue,64.21
80,52,23,2026-02-03,Entregue,41.03
81,20,45,2025-10-12,Entregue,45.19
82,82,17,2025-07-10,Entregue,20.65
83,9,28,2026-01-17,Atrasado,33.04
84,70,34,2025-06-02,Entregue,63.95
85,65,6,2025-09-02,Atrasado,28.14
86,36,26,2025-10-29,Entregue,37.54
87,97,21,2025-10-20,Entregue,72.94
88,49,45,2025-07-04,Cancelado,35.37
89,76,5,2025-12-03,Atrasado,60.45
90,16,25,2025-11-18,Entregue,41.63
91,77,41,2026-04-17,Atrasado,34.67
92,41,30,2025-10-12,Entregue,76.73
93,7,47,2025-07-23,Entregue,78.17
94,82,24,2025-08-08,Entregue,26.04
95,33,41,2025-12-16,Atrasado,56.44
96,100,9,2026-01-08,Entregue,19.88
97,20,43,2025-12-09,Entregue,26.07
98,58,39,2026-02-23,Entregue,62.32
99,74,2,2026-04-14,Entregue,76.91
100,66,9,2026-03-14,Entregue,17.75
101,71,38,2025-12-12,Entregue,46.37
102,99,27,2025-05-30,Entregue,65.91
103,97,25,2026-02-27,Entregue,68.84
104,94,34,2025-07-17,Entregue,62.96
105,24,25,2025-05-12,Entregue,28.88
106,17,25,2026-01-11,Entregue,33.16
107,2,19,2025-05-24,Entregue,77.36
108,75,33,2025-06-28,Entregue,56.94
109,60,5,2025-12-11,Entregue,44.98
110,6,9,2025-07-13,Cancelado,50.76
111,88,38,2025-10-10,Entregue,68.09
112,24,50,2025-07-21,Entregue,78.13
113,88,40,2025-05-14,Entregue,15.26
114,77,30,2026-04-19,Atrasado,48.13
115,22,46,2025-08-25,Entregue,37.25
116,72,48,2025-09-17,Atrasado,63.78
117,60,18,2025-08-28,Entregue,36.93
118,57,14,2025-08-14,Entregue,57.64
119,29,11,2026-03-20,Entregue,45.6
120,58,28,2025-05-02,Entregue,55.55
121,64,48,2026-03-11,Entregue,70.28
122,38,26,2025-05-31,Entregue,78.21
123,93,14,2025-12-18,Cancelado,24.55
124,37,22,2026-04-17,Entregue,73.21
125,10,40,2025-10-22,Entregue,34.54
126,18,33,2026-03-06,Entregue,78.78
127,10,22,2026-01-04,Atrasado,37.4
128,16,24,2025-07-29,Cancelado,72.66
129,42,41,2025-10-28,Entregue,36.98
130,11,1,2025-09-14,Entregue,31.18
131,32,12,2026-02-10,Entregue,65.07
132,8,37,2025-07-20,Atrasado,26.41
133,35,50,2025-12-09,Entregue,38.86
134,40,50,2025-12-04,Entregue,23.01
135,31,6,2026-01-30,Entregue,16.0
136,65,45,2026-01-08,Cancelado,24.67
137,27,19,2025-11-25,Entregue,28.07
138,31,9,2026-03-26,Entregue,40.64
139,43,48,2025-07-15,Entregue,26.29
140,19,7,2026-04-18,Entregue,21.64
141,3,24,2026-02-23,Entregue,37.11
142,49,2,2025-11-12,Entregue,21.31
143,47,10,2025-09-15,Entregue,33.59
144,82,25,2026-01-28,Atrasado,44.19
145,2,48,2025-08-02,Entregue,20.64
146,44,12,2025-10-22,Entregue,54.49
147,96,9,2025-07-06,Entregue,38.62
148,89,35,2025-12-03,Entregue,68.8
149,15,20,2025-10-14,Atrasado,62.24
150,49,42,2026-02-04,Entregue,39.58
151,48,31,2025-11-19,Entregue,60.04
152,70,30,2025-08-20,Atrasado,28.72
153,86,31,2025-09-30,Entregue,71.36
154,29,9,2026-03-31,Entregue,76.53
155,99,19,2025-05-30,Atrasado,32.65
156,13,43,2026-04-02,Entregue,47.46
157,30,15,2025-09-19,Entregue,78.27
158,75,11,2025-11-11,Entregue,71.58
159,27,6,2025-10-27,Entregue,21.52
160,74,5,2026-02-17,Atrasado,17.01
161,15,10,2026-01-07,Entregue,50.74
162,5,1,2026-03-01,Atrasado,69.6
163,10,13,2026-04-06,Entregue,65.09
164,66,43,2025-12-10,Entregue,55.13
165,87,46,2025-07-16,Atrasado,74.35
166,34,10,2026-02-23,Entregue,17.71
167,2,35,2025-10-30,Entregue,15.64
168,24,38,2025-09-19,Entregue,49.86
169,67,24,2025-05-12,Entregue,67.54
170,36,13,2026-03-12,Entregue,69.51
171,11,35,2025-12-17,Entregue,31.0
172,38,35,2025-06-15,Entregue,43.19
173,43,5,2025-07-21,Entregue,68.4
174,72,33,2025-09-28,Atrasado,23.5
175,85,36,2026-01-24,Entregue,58.71
176,58,46,2025-07-25,Entregue,26.59
177,45,1,2025-11-03,Entregue,70.94
178,6,26,2025-09-14,Entregue,16.17
179,12,12,2025-10-21,Atrasado,18.92
180,16,11,2025-12-03,Atrasado,49.49
181,42,19,2025-05-05,Entregue,58.38
182,65,32,2025-12-12,Entregue,38.56
183,16,50,2025-06-25,Entregue,17.87
184,5,49,2025-04-29,Atrasado,78.66
185,87,4,2025-11-26,Entregue,55.65
186,27,21,2025-09-01,Entregue,58.69
187,84,33,2025-06-18,Entregue,71.83
188,21,12,2025-07-02,Entregue,18.26
189,6,11,2025-12-13,Entregue,74.63
190,77,6,2026-01-01,Entregue,59.55
191,59,29,2025-07-29,Entregue,66.88
192,57,19,2026-03-20,Entregue,20.6
193,42,32,2026-03-04,Entregue,68.75
194,61,47,2026-03-29,Cancelado,76.16
195,13,25,2025-12-09,Entregue,31.94
196,66,40,2026-02-16,Entregue,19.33
197,91,25,2025-07-18,Entregue,17.92
198,26,8,2026-01-23,Cancelado,16.56
199,15,4,2025-11-11,Entregue,55.76
200,46,6,2025-09-26,Entregue,51.9
201,28,41,2025-08-12,Entregue,77.62
202,30,26,2025-05-31,Entregue,68.77
203,62,11,2025-11-29,Entregue,50.03
204,5,38,2026-03-28,Atrasado,44.24
205,24,44,2025-08-21,Entregue,41.56
206,54,22,2026-01-03,Entregue,63.78
207,48,34,2025-10-24,Atrasado,39.01
208,5,38,2026-02-08,Atrasado,57.41
209,17,10,2025-11-22,Entregue,40.62
210,30,14,2025-07-22,Entregue,19.52
211,5,20,2025-11-26,Entregue,72.89
212,29,48,2025-07-23,Cancelado,48.82
213,17,3,2025-12-12,Entregue,26.26
214,85,28,2025-06-10,Atrasado,74.34
215,35,29,2025-07-04,Entregue,60.35
216,86,15,2025-05-23,Atrasado,46.91
217,84,6,2025-05-11,Atrasado,73.37
218,41,26,2026-04-10,Atrasado,42.46
219,40,36,2025-05-21,Entregue,43.48
220,2,6,2025-07-16,Atrasado,66.1
221,96,42,2026-01-14,Entregue,61.34
222,17,12,2026-03-14,Entregue,51.06
223,40,42,2026-02-12,Entregue,15.87
224,51,29,2026-03-10,Atrasado,61.5
225,3,1,2026-04-13,Entregue,26.07
226,95,16,2025-07-08,Cancelado,58.86
227,94,44,2025-12-02,Entregue,72.25
228,37,14,2026-01-25,Entregue,77.04
229,23,26,2026-01-20,Entregue,49.16
230,64,12,2026-02-05,Entregue,61.67
231,63,12,2025-05-28,Entregue,44.79
232,13,29,2025-10-01,Entregue,75.46
233,63,37,2026-04-21,Cancelado,61.79
234,58,35,2025-11-21,Entregue,17.29
235,63,4,2025-08-28,Entregue,36.86
236,34,11,2025-11-06,Entregue,77.5
237,30,26,2025-09-08,Entregue,19.55
238,79,28,2026-02-16,Entregue,54.94
239,21,13,2025-12-31,Entregue,54.63
240,5,38,2026-01-13,Entregue,19.93
241,70,25,2025-05-04,Entregue,23.49
242,84,4,2025-06-18,Atrasado,61.92
243,29,18,2025-05-27,Atrasado,17.33
244,68,12,2025-10-11,Entregue,35.7
245,70,14,2025-06-15,Entregue,71.08
246,18,50,2026-03-22,Atrasado,78.86
247,6,27,2025-07-20,Entregue,64.83
248,55,6,2026-03-17,Entregue,46.07
249,57,5,2026-03-26,Entregue,78.63
250,1,8,2025-04-28,Entregue,79.19
251,67,49,2026-03-02,Entregue,55.65
252,84,24,2025-08-07,Atrasado,29.13
253,94,29,2025-05-28,Entregue,59.79
254,9,13,2025-11-07,Entregue,69.79
255,66,33,2025-08-06,Entregue,76.48
256,13,11,2025-11-08,Entregue,32.98
257,78,47,2026-03-15,Cancelado,23.9
258,92,42,2025-09-24,Entregue,59.1
259,65,3,2026-01-26,Entregue,65.01
260,87,25,2025-05-19,Entregue,37.31
261,66,13,2025-11-03,Atrasado,79.37
262,1,28,2025-08-29,Atrasado,78.43
263,66,42,2025-05-08,Entregue,35.81
264,92,44,2025-10-02,Atrasado,20.62
265,53,46,2025-12-21,Atrasado,15.75
266,4,47,2025-10-29,Atrasado,36.03
267,93,39,2026-01-12,Atrasado,29.05
268,98,36,2025-08-17,Entregue,33.77
269,26,16,2026-02-04,Entregue,45.76
270,73,31,2025-12-23,Entregue,15.2
271,65,32,2026-01-03,Entregue,49.1
272,72,47,2025-12-06,Cancelado,31.37
273,46,7,2026-01-10,Atrasado,53.9
274,78,23,2025-10-08,Entregue,39.77
275,19,43,2025-09-19,Entregue,15.33
276,56,13,2025-07-16,Atrasado,16.36
277,39,11,2025-05-07,Cancelado,53.4
278,82,31,2026-03-12,Entregue,36.64
279,74,48,2026-04-09,Entregue,41.82
280,91,23,2025-08-04,Entregue,37.79
281,51,50,2026-03-10,Entregue,57.89
282,35,18,2026-01-18,Entregue,52.23
283,26,37,2025-04-29,Entregue,52.68
284,53,39,2026-03-22,Atrasado,75.59
285,8,50,2025-07-19,Entregue,29.48
286,80,48,2026-01-05,Cancelado,60.78
287,72,19,2025-09-04,Entregue,23.85
288,4,33,2026-04-12,Atrasado,66.35
289,79,38,2026-01-25,Entregue,49.27
290,72,17,2026-02-28,Atrasado,33.46
291,30,11,2026-03-13,Entregue,38.31
292,70,19,2025-09-23,Atrasado,18.75
293,87,15,2026-04-07,Entregue,48.49
294,45,27,2025-10-09,Entregue,40.33
295,36,4,2026-03-04,Entregue,38.44
296,32,49,2026-01-14,Entregue,60.01
297,53,27,2026-02-09,Entregue,69.32
298,2,2,2026-03-13,Entregue,33.06
299,36,37,2025-10-21,Atrasado,56.35
300,18,34,2025-10-02,Entregue,23.28
301,92,20,2025-07-17,Entregue,64.56
302,46,14,2026-03-23,Entregue,60.24
303,12,34,2025-11-29,Entregue,69.56
304,91,20,2026-01-25,Entregue,44.76
305,80,9,2026-03-29,Entregue,66.47
306,49,25,2025-06-11,Entregue,15.37
307,60,48,2026-03-21,Entregue,26.04
308,99,14,2026-01-24,Entregue,57.47
309,2,38,2025-12-06,Atrasado,26.86
310,79,13,2025-07-16,Entregue,47.39
311,100,12,2026-04-12,Entregue,78.5
312,68,43,2025-07-27,Entregue,24.7
313,51,40,2025-07-11,Entregue,67.38
314,70,16,2025-12-14,Entregue,30.5
315,64,31,2025-05-01,Entregue,60.56
316,59,40,2025-07-11,Entregue,31.31
317,28,33,2026-02-12,Entregue,37.06
318,68,26,2025-12-06,Atrasado,34.91
319,22,49,2026-01-10,Entregue,73.54
320,58,39,2026-04-27,Atrasado,72.17
321,1,7,2025-09-22,Cancelado,60.4
322,92,9,2025-09-26,Entregue,32.44
323,61,10,2026-02-09,Atrasado,36.39
324,30,4,2025-09-06,Entregue,58.39
325,52,47,2025-12-01,Entregue,64.22
326,83,19,2025-11-14,Entregue,26.31
327,59,29,2026-04-07,Entregue,58.64
328,10,6,2025-12-29,Entregue,25.28
329,6,22,2025-12-02,Entregue,48.9
330,35,33,2026-01-17,Entregue,19.51
331,11,2,2026-04-10,Entregue,73.09
332,47,42,2025-12-29,Atrasado,16.98
333,17,6,2026-04-23,Entregue,34.61
334,89,22,2026-03-23,Entregue,75.48
335,2,43,2026-04-17,Entregue,42.28
336,17,14,2025-08-09,Atrasado,19.07
337,51,16,2026-02-24,Entregue,57.52
338,38,12,2025-06-22,Entregue,42.54
339,60,3,2025-12-20,Entregue,79.91
340,84,3,2025-12-01,Entregue,71.56
341,91,26,2025-10-07,Entregue,25.27
342,42,14,2025-05-18,Atrasado,19.78
343,58,1,2026-02-01,Entregue,64.64
344,19,1,2025-05-04,Entregue,64.19
345,30,17,2025-07-29,Entregue,49.42
346,25,34,2025-09-03,Entregue,56.05
347,21,41,2026-02-16,Entregue,63.83
348,54,17,2025-07-09,Entregue,55.88
349,43,48,2025-07-15,Atrasado,55.78
350,74,17,2025-07-26,Cancelado,21.05
351,81,20,2025-11-20,Entregue,15.97
352,84,19,2026-03-16,Cancelado,73.85
353,74,13,2025-05-22,Entregue,49.61
354,94,35,2025-12-12,Atrasado,38.63
355,93,13,2026-01-13,Entregue,65.88
356,4,11,2025-10-07,Cancelado,46.91
357,58,5,2026-01-28,Entregue,68.01
358,63,2,2025-12-06,Entregue,77.14
359,85,35,2026-01-17,Entregue,44.37
360,58,19,2025-08-02,Entregue,24.19
361,30,21,2025-07-01,Entregue,69.08
362,17,35,2025-05-23,Entregue,32.33
363,52,33,2026-01-27,Atrasado,26.83
364,66,34,2025-11-22,Entregue,50.5
365,78,32,2025-12-26,Cancelado,18.12
366,26,3,2025-04-29,Atrasado,61.18
367,43,22,2025-07-22,Atrasado,61.92
368,34,23,2025-09-29,Entregue,45.79
369,81,10,2025-10-20,Entregue,47.91
370,41,7,2026-02-05,Atrasado,51.13
371,1,33,2025-12-27,Entregue,42.01
372,100,20,2025-09-05,Entregue,59.03
373,68,33,2025-12-30,Entregue,79.74
374,12,9,2025-10-29,Entregue,74.75
375,2,43,2025-10-21,Entregue,52.75
376,47,7,2025-05-04,Entregue,51.03
377,64,36,2025-09-12,Entregue,28.37
378,97,24,2025-07-16,Atrasado,72.85
379,35,41,2025-06-06,Cancelado,16.74
380,69,42,2025-05-25,Entregue,30.35
381,36,12,2025-06-18,Cancelado,23.38
382,85,19,2025-11-25,Entregue,70.45
383,98,6,2025-12-14,Entregue,40.96
384,14,41,2025-08-14,Entregue,17.86
385,32,9,2025-12-31,Atrasado,50.74
386,48,4,2025-10-08,Entregue,22.77
387,21,34,2025-12-26,Entregue,50.08
388,74,18,2025-07-27,Entregue,32.28
389,87,50,2025-09-27,Cancelado,19.33
390,35,19,2026-03-23,Entregue,53.34
391,52,40,2025-05-01,Atrasado,15.82
392,56,6,2026-01-25,Cancelado,53.51
393,30,16,2025-09-01,Entregue,60.4
394,60,26,2025-06-30,Entregue,23.41
395,26,4,2026-02-01,Entregue,65.57
396,26,33,2025-09-11,Entregue,39.12
397,86,49,2025-11-13,Entregue,22.04
398,21,2,2025-12-28,Atrasado,24.09
399,73,39,2025-07-10,Entregue,43.12
400,41,32,2025-11-19,Entregue,15.82
401,20,20,2025-12-10,Entregue,37.58
402,86,12,2025-10-09,Entregue,63.54
403,53,19,2025-06-12,Entregue,75.57
404,1,12,2026-04-25,Atrasado,58.65
405,60,21,2025-09-29,Cancelado,19.45
406,60,10,2025-09-05,Atrasado,57.27
407,18,19,2026-04-06,Entregue,54.99
408,8,41,2025-09-03,Entregue,44.99
409,19,10,2025-06-24,Atrasado,60.06
410,6,37,2025-09-26,Entregue,48.11
411,28,47,2026-02-26,Entregue,38.85
412,33,29,2025-10-04,Entregue,33.71
413,49,23,2025-10-21,Atrasado,15.83
414,18,29,2026-01-12,Entregue,73.46
415,1,22,2025-06-18,Atrasado,72.98
416,65,22,2026-02-14,Cancelado,29.93
417,69,7,2025-12-14,Entregue,56.46
418,35,21,2025-09-09,Entregue,52.94
419,83,21,2025-08-23,Entregue,74.22
420,41,11,2025-06-03,Entregue,73.31
421,49,14,2025-07-06,Entregue,74.95
422,55,34,2025-10-09,Atrasado,60.1
423,8,49,2025-08-24,Entregue,77.38
424,10,25,2026-02-03,Entregue,46.32
425,1,15,2025-11-03,Entregue,28.54
426,54,22,2025-08-09,Entregue,62.68
427,98,44,2025-11-26,Entregue,46.75
428,8,9,2026-04-16,Cancelado,59.8
429,18,46,2025-06-06,Entregue,49.75
430,18,50,2025-05-16,Entregue,23.56
431,19,30,2025-12-29,Entregue,40.27
432,92,27,2025-05-09,Entregue,22.08
433,1,27,2025-08-10,Entregue,53.35
434,34,10,2026-04-20,Entregue,38.15
435,82,21,2025-10-28,Cancelado,37.8
436,34,4,2025-11-30,Entregue,73.56
437,66,26,2025-05-18,Entregue,63.07
438,59,20,2026-02-11,Entregue,49.5
439,6,30,2026-03-12,Entregue,28.15
440,9,38,2025-07-07,Entregue,16.65
441,69,31,2026-04-24,Entregue,21.71
442,19,6,2025-07-09,Entregue,44.71
443,11,38,2025-07-29,Entregue,46.1
444,84,27,2026-03-20,Entregue,22.88
445,10,10,2025-05-23,Entregue,70.24
446,86,11,2026-01-11,Cancelado,58.05
447,58,41,2025-10-31,Entregue,25.83
448,59,30,2025-07-14,Cancelado,58.12
449,50,33,2026-04-18,Entregue,69.81
450,43,41,2026-04-12,Entregue,41.36
451,10,23,2026-03-25,Entregue,31.04
452,74,36,2026-03-13,Entregue,34.68
453,73,21,2025-10-18,Entregue,65.31
454,5,11,2026-01-22,Atrasado,49.58
455,22,37,2026-03-29,Entregue,32.18
456,47,24,2025-05-05,Entregue,60.72
457,64,24,2025-11-09,Atrasado,47.4
458,12,8,2026-02-06,Entregue,48.07
459,63,31,2025-07-04,Entregue,21.2
460,19,48,2025-12-22,Entregue,67.41
461,56,27,2025-11-13,Entregue,20.34
462,74,35,2025-05-04,Entregue,18.39
463,46,50,2025-06-04,Entregue,52.87
464,25,26,2026-01-11,Entregue,50.32
465,24,7,2025-07-12,Entregue,39.62
466,93,42,2025-05-03,Entregue,58.24
467,8,20,2025-08-06,Entregue,36.97
468,45,9,2025-11-10,Cancelado,51.59
469,72,22,2025-09-04,Atrasado,35.5
470,55,4,2025-06-30,Entregue,43.45
471,2,7,2025-11-08,Entregue,18.93
472,45,32,2026-01-20,Atrasado,52.83
473,89,31,2025-12-01,Entregue,47.99
474,84,37,2025-06-15,Entregue,51.83
475,1,5,2025-12-31,Cancelado,22.02
476,44,25,2025-09-08,Entregue,65.47
477,76,8,2025-10-04,Entregue,58.71
478,70,17,2025-09-20,Atrasado,53.26
479,72,11,2025-10-10,Entregue,67.42
480,27,9,2025-08-25,Entregue,26.82
481,27,35,2026-03-25,Entregue,16.04
482,51,38,2026-03-03,Entregue,22.82
483,3,20,2025-07-25,Cancelado,46.76
484,37,23,2026-02-04,Cancelado,30.97
485,7,14,2025-09-13,Entregue,36.0
486,75,14,2025-07-19,Entregue,62.04
487,52,44,2025-06-22,Entregue,31.56
488,76,19,2026-02-02,Entregue,51.47
489,82,43,2026-02-09,Entregue,38.76
490,72,45,2026-04-09,Entregue,24.49
491,11,9,2025-05-08,Cancelado,36.62
492,37,1,2026-02-19,Atrasado,41.68
493,71,18,2026-03-25,Entregue,38.11
494,59,37,2026-03-14,Entregue,57.91
495,79,32,2026-03-08,Atrasado,31.87
496,79,50,2026-01-16,Entregue,17.56
497,97,26,2026-01-26,Entregue,68.82
498,38,1,2026-02-04,Entregue,49.79
499,79,33,2025-11-18,Cancelado,20.44
500,7,19,2025-08-28,Atrasado,38.81
501,66,34,2025-10-29,Entregue,61.63
502,83,42,2026-01-17,Cancelado,54.11
503,10,19,2025-09-09,Entregue,62.46
504,49,10,2025-07-16,Entregue,39.31
505,25,8,2026-02-11,Entregue,35.76
506,71,16,2025-05-07,Entregue,38.97
507,62,50,2025-12-30,Entregue,36.21
508,99,39,2026-03-07,Entregue,38.26
509,84,2,2025-07-03,Atrasado,19.32
510,70,49,2026-04-11,Entregue,67.0
511,75,1,2026-02-21,Entregue,51.07
512,9,34,2025-08-02,Atrasado,29.46
513,95,48,2026-04-08,Entregue,48.75
514,11,34,2025-12-07,Entregue,30.76
515,73,31,2025-06-01,Entregue,74.46
516,4,28,2025-12-12,Entregue,48.54
517,14,19,2026-01-13,Entregue,18.21
518,41,21,2025-09-24,Entregue,21.98
519,33,1,2025-08-30,Atrasado,31.58
520,93,28,2025-12-09,Atrasado,75.06
521,32,32,2026-03-19,Entregue,37.59
522,87,4,2026-02-04,Entregue,57.42
523,5,50,2025-07-05,Entregue,71.27
524,81,11,2025-09-03,Entregue,43.6
525,90,5,2025-05-15,Entregue,61.82
526,33,4,2026-04-25,Entregue,64.53
527,49,6,2025-08-07,Atrasado,65.94
528,92,36,2025-05-06,Entregue,34.58
529,24,20,2025-06-14,Atrasado,43.06
530,31,40,2026-01-18,Entregue,24.05
531,14,30,2025-05-27,Atrasado,53.04
532,47,47,2025-07-09,Entregue,55.78
533,38,13,2026-03-04,Entregue,68.97
534,18,27,2026-01-04,Atrasado,40.15
535,67,19,2026-02-02,Entregue,55.7
536,88,41,2025-07-07,Entregue,20.73
537,58,21,2025-08-27,Atrasado,58.66
538,37,43,2026-03-02,Atrasado,17.42
539,3,9,2026-01-16,Cancelado,36.05
540,13,16,2025-07-19,Atrasado,19.25
541,63,30,2025-08-06,Entregue,72.54
542,72,26,2025-05-14,Atrasado,33.83
543,5,39,2025-07-18,Entregue,78.6
544,51,27,2026-03-04,Entregue,27.9
545,33,24,2025-11-04,Entregue,42.71
546,86,41,2025-08-14,Entregue,46.97
547,87,31,2025-12-24,Entregue,70.36
548,82,18,2025-11-22,Entregue,51.15
549,84,28,2025-08-15,Entregue,58.44
550,93,33,2025-12-31,Entregue,66.82
551,72,24,2025-12-26,Atrasado,42.34
552,70,2,2025-12-13,Cancelado,78.81
553,93,18,2025-12-13,Atrasado,34.06
554,26,5,2025-05-25,Cancelado,34.16
555,93,43,2026-04-04,Entregue,29.12
556,97,15,2025-10-28,Entregue,56.47
557,51,39,2026-03-13,Cancelado,26.27
558,58,17,2025-08-08,Atrasado,24.08
559,24,3,2026-03-09,Atrasado,49.12
560,56,46,2025-05-23,Entregue,63.69
561,15,27,2025-08-10,Entregue,29.96
562,31,19,2026-02-17,Atrasado,60.75
563,3,27,2025-08-29,Entregue,64.63
564,47,10,2025-10-15,Entregue,42.12
565,18,35,2025-07-08,Entregue,36.18
566,93,7,2025-07-18,Atrasado,68.43
567,87,8,2025-10-24,Atrasado,63.35
568,88,37,2026-02-28,Entregue,67.46
569,48,40,2025-11-07,Entregue,49.74
570,71,27,2026-03-05,Entregue,76.46
571,72,19,2025-05-12,Atrasado,57.15
572,89,26,2025-07-11,Entregue,55.12
573,37,7,2026-02-05,Entregue,57.4
574,77,18,2026-02-12,Entregue,19.96
575,41,41,2025-07-15,Entregue,35.34
576,18,24,2025-09-07,Entregue,61.71
577,6,23,2026-01-07,Entregue,57.21
578,28,50,2025-07-22,Cancelado,54.59
579,23,33,2025-05-11,Entregue,15.89
580,25,47,2025-07-05,Entregue,77.52
581,79,14,2026-02-10,Entregue,44.26
582,79,3,2025-06-01,Cancelado,48.9
583,53,28,2025-05-26,Cancelado,22.04
584,8,44,2025-12-28,Entregue,56.69
585,3,38,2025-07-31,Entregue,30.97
586,68,28,2025-12-09,Entregue,68.79
587,59,42,2025-06-26,Entregue,77.18
588,1,45,2025-11-01,Entregue,25.01
589,73,18,2026-04-14,Entregue,75.16
590,22,48,2025-09-30,Cancelado,25.05
591,20,21,2026-03-12,Entregue,70.17
592,8,49,2025-05-17,Entregue,66.03
593,49,7,2025-08-27,Atrasado,34.36
594,23,32,2026-04-16,Entregue,57.33
595,21,20,2026-04-04,Entregue,43.46
596,48,17,2026-03-24,Cancelado,36.74
597,53,40,2025-06-25,Entregue,20.03
598,75,43,2026-01-27,Entregue,30.7
599,47,33,2026-04-05,Entregue,67.39
600,63,8,2026-02-28,Entregue,77.34
601,50,12,2025-05-07,Entregue,28.73
602,57,15,2025-05-18,Entregue,78.48
603,66,36,2025-11-13,Entregue,53.02
604,67,29,2025-11-25,Atrasado,18.55
605,34,17,2026-04-11,Entregue,25.88
606,51,14,2026-01-19,Entregue,66.48
607,97,30,2025-11-19,Entregue,33.29
608,95,22,2025-09-09,Cancelado,34.32
609,88,8,2025-09-26,Entregue,71.62
610,73,3,2025-09-07,Entregue,30.44
611,79,42,2026-04-20,Entregue,63.16
612,70,2,2026-02-27,Cancelado,75.53
613,75,19,2025-08-16,Atrasado,15.59
614,34,24,2026-02-06,Cancelado,53.0
615,42,26,2026-01-22,Entregue,42.06
616,88,15,2025-06-09,Atrasado,32.04
617,20,13,2025-09-11,Entregue,59.91
618,25,20,2025-08-23,Entregue,57.18
619,50,3,2025-05-15,Atrasado,66.17
620,8,17,2025-05-20,Atrasado,51.63
621,93,47,2025-07-08,Atrasado,21.1
622,66,8,2025-07-15,Cancelado,24.68
623,80,15,2025-09-27,Entregue,39.61
624,34,1,2025-09-08,Entregue,36.71
625,6,26,2025-09-09,Entregue,21.22
626,78,11,2025-07-23,Entregue,56.95
627,48,22,2025-12-22,Entregue,61.58
628,52,20,2025-05-10,Entregue,41.95
629,87,9,2025-06-16,Atrasado,53.42
630,98,47,2025-06-12,Entregue,23.5
631,29,1,2025-07-11,Atrasado,53.96
632,42,9,2025-11-17,Entregue,43.34
633,19,42,2025-06-20,Entregue,28.17
634,22,18,2025-07-02,Entregue,67.03
635,30,49,2026-01-28,Entregue,46.21
636,2,31,2026-01-03,Atrasado,34.44
637,4,39,2025-05-22,Entregue,31.99
638,99,8,2025-05-28,Atrasado,36.44
639,35,36,2026-02-06,Atrasado,26.98
640,64,34,2025-05-10,Atrasado,60.44
641,100,4,2026-01-16,Atrasado,28.83
642,49,22,2025-08-25,Entregue,28.18
643,38,2,2026-03-28,Entregue,46.53
644,85,43,2025-07-09,Entregue,47.98
645,8,12,2025-07-31,Entregue,76.9
646,76,26,2025-06-17,Entregue,37.39
647,29,24,2026-02-26,Entregue,66.58
648,80,10,2025-08-13,Atrasado,51.17
649,64,27,2025-09-07,Entregue,72.17
650,58,33,2025-07-12,Atrasado,74.36
651,63,33,2026-03-27,Atrasado,68.91
652,4,50,2025-05-14,Cancelado,36.52
653,93,9,2025-08-04,Entregue,16.53
654,33,3,2025-10-28,Atrasado,37.52
655,16,16,2025-07-01,Entregue,27.25
656,51,10,2025-06-15,Entregue,50.08
657,52,28,2025-05-20,Entregue,51.31
658,91,39,2025-06-09,Entregue,59.67
659,61,27,2025-09-09,Atrasado,51.93
660,70,39,2025-06-03,Entregue,30.34
661,72,41,2025-11-12,Entregue,33.23
662,71,26,2026-03-07,Entregue,57.47
663,86,15,2025-08-06,Entregue,43.13
664,48,47,2026-01-07,Cancelado,25.25
665,56,15,2026-02-24,Entregue,18.28
666,38,28,2026-02-17,Entregue,15.07
667,26,38,2026-03-31,Entregue,77.02
668,96,48,2025-05-15,Atrasado,78.99
669,21,32,2025-05-03,Atrasado,18.87
670,51,31,2025-09-12,Atrasado,44.73
671,44,27,2026-01-25,Cancelado,27.75
672,29,30,2025-10-21,Entregue,21.06
673,98,25,2025-12-27,Entregue,61.04
674,42,29,2026-01-22,Entregue,15.19
675,66,25,2025-10-07,Atrasado,44.12
676,38,35,2025-09-25,Entregue,56.53
677,10,48,2026-01-12,Entregue,75.52
678,40,13,2025-11-04,Entregue,63.1
679,58,44,2026-02-15,Entregue,72.8
680,63,1,2025-10-08,Entregue,23.72
681,68,10,2026-04-16,Entregue,19.16
682,3,37,2026-04-03,Entregue,69.5
683,73,26,2026-01-15,Entregue,70.01
684,14,14,2025-09-11,Entregue,44.97
685,46,34,2026-03-29,Entregue,27.91
686,9,44,2025-09-05,Atrasado,18.07
687,54,22,2025-07-20,Entregue,40.83
688,45,49,2026-02-13,Entregue,62.85
689,25,36,2025-11-20,Cancelado,31.55
690,7,44,2025-05-15,Entregue,33.27
691,69,45,2026-01-05,Entregue,43.65
692,74,32,2026-02-26,Entregue,45.54
693,78,35,2025-09-22,Entregue,17.47
694,72,8,2025-11-03,Atrasado,18.72
695,19,23,2025-11-26,Atrasado,28.84
696,29,8,2025-08-09,Entregue,28.77
697,69,20,2026-01-14,Entregue,25.71
698,36,46,2026-04-09,Atrasado,49.0
699,55,12,2026-02-08,Entregue,70.01
700,10,33,2025-09-07,Entregue,24.45
701,88,46,2025-12-21,Atrasado,40.34
702,22,10,2025-04-29,Entregue,25.03
703,6,17,2025-08-29,Entregue,66.65
704,10,7,2026-02-28,Cancelado,31.96
705,54,38,2026-02-21,Entregue,45.34
706,58,9,2026-04-08,Entregue,75.43
707,78,9,2026-01-30,Atrasado,72.13
708,95,38,2025-07-10,Atrasado,24.25
709,59,14,2026-02-23,Entregue,55.0
710,49,21,2026-01-03,Entregue,73.96
711,6,27,2026-02-07,Entregue,30.21
712,15,21,2026-01-21,Entregue,33.35
713,24,4,2025-09-09,Entregue,37.96
714,77,15,2026-03-09,Entregue,37.25
715,3,35,2025-09-02,Entregue,16.71
716,63,38,2026-03-17,Entregue,73.29
717,22,15,2025-08-25,Entregue,22.38
718,45,8,2026-02-08,Entregue,62.59
719,60,38,2026-02-09,Entregue,35.51
720,70,38,2025-10-26,Entregue,67.38
721,52,28,2025-11-11,Cancelado,68.17
722,39,31,2026-01-21,Entregue,46.29
723,46,44,2025-09-29,Entregue,28.72
724,51,47,2026-02-22,Atrasado,62.68
725,11,33,2025-07-09,Entregue,22.86
726,18,50,2025-10-20,Entregue,39.28
727,27,21,2026-02-21,Atrasado,22.95
728,78,32,2025-08-22,Entregue,76.41
729,41,23,2025-06-03,Entregue,47.15
730,84,32,2026-04-05,Entregue,30.88
731,26,13,2026-04-21,Entregue,52.04
732,38,17,2025-10-10,Entregue,52.69
733,14,29,2025-10-16,Entregue,49.51
734,9,37,2026-02-24,Entregue,38.49
735,2,26,2025-08-22,Entregue,41.41
736,51,45,2026-01-04,Atrasado,58.07
737,78,31,2025-08-11,Entregue,16.86
738,52,25,2025-08-27,Entregue,28.51
739,48,18,2025-11-05,Atrasado,34.78
740,63,17,2025-07-25,Entregue,43.24
741,63,17,2025-05-14,Entregue,23.15
742,17,42,2025-09-25,Entregue,38.11
743,90,35,2025-09-02,Cancelado,51.21
744,65,40,2025-05-08,Entregue,45.79
745,47,35,2025-08-08,Cancelado,66.47
746,78,35,2025-11-04,Entregue,27.9
747,42,17,2026-01-07,Entregue,33.84
748,26,13,2025-11-06,Entregue,39.7
749,4,46,2025-12-22,Entregue,40.29
750,99,47,2025-09-08,Entregue,29.92
751,74,35,2025-12-08,Entregue,79.14
752,26,2,2026-03-15,Entregue,52.26
753,24,23,2025-05-31,Entregue,61.27
754,30,9,2026-01-03,Entregue,16.09
755,70,5,2025-06-13,Cancelado,55.16
756,50,20,2025-07-17,Atrasado,18.24
757,79,43,2025-10-03,Entregue,18.6
758,20,44,2025-11-21,Entregue,30.28
759,66,12,2025-06-07,Cancelado,63.47
760,66,31,2025-06-01,Entregue,62.48
761,90,45,2025-07-24,Atrasado,58.67
762,9,30,2025-11-14,Entregue,46.55
763,9,9,2025-10-26,Atrasado,40.27
764,4,44,2026-01-19,Entregue,36.08
765,87,15,2026-02-15,Entregue,44.27
766,16,41,2025-09-11,Entregue,18.44
767,94,11,2026-01-14,Atrasado,75.36
768,64,44,2026-04-08,Entregue,74.24
769,21,46,2025-08-25,Entregue,73.73
770,31,21,2025-07-31,Entregue,68.83
771,34,39,2025-06-20,Atrasado,49.09
772,73,46,2025-07-12,Entregue,79.82
773,21,48,2025-08-19,Atrasado,76.18
774,94,1,2025-05-22,Atrasado,65.8
775,41,37,2026-03-19,Cancelado,41.86
776,23,30,2025-06-19,Entregue,58.83
777,77,43,2025-10-19,Entregue,41.55
778,32,47,2025-09-16,Atrasado,47.91
779,17,11,2026-03-28,Entregue,29.93
780,30,43,2025-05-29,Entregue,51.0
781,72,41,2025-09-18,Entregue,63.29
782,18,38,2025-08-20,Entregue,16.41
783,64,44,2025-12-12,Atrasado,51.22
784,88,15,2025-05-16,Entregue,24.12
785,97,38,2025-08-22,Entregue,72.8
786,47,9,2026-03-01,Entregue,51.71
787,87,45,2025-06-22,Entregue,64.74
788,28,38,2026-01-01,Entregue,66.1
789,6,3,2026-04-26,Atrasado,72.92
790,23,3,2025-11-29,Entregue,68.45
791,77,17,2025-07-20,Entregue,54.35
792,1,17,2025-05-06,Entregue,56.0
793,17,38,2026-01-05,Entregue,63.31
794,19,47,2025-12-18,Entregue,36.19
795,66,6,2026-04-04,Atrasado,34.24
796,97,27,2025-08-31,Atrasado,41.13
797,75,2,2025-09-15,Entregue,56.59
798,93,50,2025-06-17,Atrasado,16.95
799,66,18,2025-10-30,Atrasado,58.01
800,65,31,2025-10-23,Entregue,32.36
801,5,4,2026-04-07,Entregue,58.37
802,15,23,2026-04-23,Entregue,48.27
803,49,45,2025-11-14,Entregue,77.58
804,81,46,2025-07-16,Atrasado,67.44
805,95,39,2025-10-06,Atrasado,36.36
806,43,3,2025-04-30,Entregue,24.29
807,86,36,2026-03-09,Cancelado,28.49
808,90,11,2025-11-23,Entregue,18.72
809,21,17,2025-06-28,Entregue,43.88
810,80,36,2026-03-24,Cancelado,73.74
811,73,6,2025-06-11,Entregue,16.7
812,72,32,2026-04-02,Entregue,73.52
813,1,45,2026-03-08,Atrasado,36.86
814,62,17,2025-05-29,Atrasado,64.41
815,60,40,2025-04-29,Entregue,37.58
816,88,5,2025-07-13,Entregue,30.6
817,7,24,2026-01-07,Entregue,77.33
818,3,24,2026-03-09,Entregue,18.95
819,2,41,2026-02-17,Atrasado,60.36
820,25,46,2025-04-30,Entregue,49.0
821,1,6,2025-09-07,Atrasado,36.4
822,83,50,2026-01-29,Entregue,47.5
823,89,31,2026-01-22,Entregue,59.07
824,4,31,2025-08-17,Cancelado,77.75
825,100,9,2025-05-18,Entregue,29.87
826,64,39,2025-06-11,Atrasado,74.55
827,51,5,2025-10-11,Entregue,31.35
828,92,33,2025-12-22,Entregue,65.08
829,76,46,2025-08-14,Entregue,48.2
830,81,11,2025-11-06,Entregue,49.8
831,94,39,2025-07-08,Entregue,23.77
832,94,43,2026-01-23,Entregue,63.48
833,80,35,2026-01-22,Atrasado,24.54
834,87,42,2026-01-01,Entregue,64.61
835,20,12,2026-03-24,Entregue,31.17
836,88,9,2026-04-15,Entregue,35.6
837,32,32,2026-01-20,Atrasado,23.75
838,44,35,2026-03-23,Cancelado,52.47
839,9,38,2026-02-28,Atrasado,23.23
840,58,47,2025-10-03,Entregue,38.13
841,43,35,2025-11-26,Entregue,44.91
842,47,9,2025-05-08,Entregue,52.42
843,34,25,2025-07-23,Entregue,18.77
844,95,40,2025-07-11,Entregue,22.84
845,62,19,2025-06-09,Entregue,38.36
846,19,14,2025-06-29,Entregue,25.06
847,68,4,2025-09-06,Entregue,23.68
848,2,27,2025-05-19,Entregue,44.48
849,64,39,2025-12-27,Entregue,20.66
850,70,30,2025-08-17,Entregue,17.14
851,22,49,2025-05-19,Entregue,62.12
852,77,18,2025-12-14,Entregue,51.61
853,94,10,2025-09-15,Entregue,43.38
854,76,10,2026-03-03,Entregue,30.81
855,26,43,2026-03-14,Cancelado,76.01
856,2,10,2026-01-05,Entregue,43.0
857,98,49,2025-05-21,Entregue,76.46
858,71,19,2026-02-10,Entregue,72.96
859,77,30,2025-10-28,Cancelado,29.64
860,83,18,2025-10-08,Entregue,66.42
861,56,37,2025-08-11,Entregue,64.16
862,29,18,2025-06-16,Entregue,39.05
863,30,29,2025-05-05,Entregue,42.6
864,81,5,2025-06-05,Entregue,55.57
865,13,35,2025-06-27,Entregue,29.53
866,28,8,2025-06-08,Atrasado,65.2
867,62,32,2025-06-24,Entregue,54.67
868,76,11,2025-06-21,Entregue,49.32
869,22,44,2026-01-14,Entregue,54.18
870,15,5,2025-08-20,Cancelado,44.17
871,82,1,2026-01-07,Entregue,47.57
872,7,37,2026-02-08,Cancelado,51.03
873,74,13,2025-06-05,Entregue,21.32
874,88,6,2025-10-16,Entregue,64.69
875,53,34,2026-01-08,Entregue,46.94
876,32,18,2025-12-05,Cancelado,64.82
877,61,29,2025-09-12,Entregue,43.82
878,95,8,2025-09-13,Atrasado,22.09
879,10,28,2025-09-23,Cancelado,44.81
880,44,43,2026-01-03,Atrasado,37.56
881,58,42,2025-07-28,Entregue,77.21
882,90,13,2026-01-17,Entregue,30.28
883,94,38,2026-03-15,Entregue,54.44
884,17,38,2025-10-05,Entregue,77.12
885,97,21,2025-06-01,Cancelado,62.25
886,51,3,2025-09-17,Cancelado,18.1
887,2,47,2026-03-03,Entregue,38.8
888,78,29,2025-06-06,Entregue,21.41
889,3,31,2025-08-01,Atrasado,44.38
890,50,41,2026-04-11,Entregue,46.62
891,69,9,2025-05-21,Entregue,43.65
892,57,28,2026-03-24,Entregue,21.3
893,4,1,2026-04-01,Cancelado,70.1
894,43,24,2025-10-06,Entregue,25.27
895,34,50,2025-12-18,Atrasado,45.66
896,18,33,2025-11-30,Atrasado,61.32
897,75,13,2026-03-18,Entregue,42.5
898,87,50,2025-06-10,Cancelado,48.46
899,21,43,2026-02-02,Entregue,59.83
900,90,13,2026-03-16,Entregue,20.54
901,76,32,2025-06-15,Entregue,74.59
902,13,19,2025-08-12,Entregue,42.5
903,79,41,2026-04-07,Atrasado,28.83
904,32,32,2025-05-08,Atrasado,52.1
905,53,31,2026-02-22,Entregue,45.54
906,14,47,2025-07-17,Entregue,22.13
907,92,31,2025-07-02,Atrasado,32.15
908,50,33,2026-02-14,Entregue,36.58
909,48,50,2026-03-04,Entregue,60.45
910,46,12,2025-12-11,Entregue,19.56
911,100,49,2026-02-10,Entregue,70.81
912,65,18,2025-11-27,Atrasado,29.8
913,52,11,2026-02-05,Entregue,72.47
914,88,2,2026-01-25,Entregue,35.65
915,10,23,2025-10-13,Entregue,38.55
916,48,24,2025-06-07,Entregue,15.4
917,79,20,2025-10-19,Cancelado,30.62
918,7,44,2025-10-12,Entregue,51.73
919,65,15,2026-02-19,Entregue,48.18
920,96,4,2025-10-21,Entregue,51.0
921,38,11,2025-08-06,Cancelado,73.58
922,70,28,2025-06-11,Entregue,22.09
923,16,32,2025-06-25,Entregue,29.08
924,79,27,2025-12-04,Atrasado,25.32
925,72,25,2026-01-12,Entregue,61.17
926,67,43,2025-09-28,Entregue,28.96
927,27,2,2025-09-07,Entregue,61.8
928,27,50,2026-03-01,Entregue,56.14
929,16,46,2025-06-07,Entregue,77.87
930,8,26,2026-03-05,Entregue,21.24
931,14,42,2026-04-19,Entregue,35.97
932,56,41,2025-12-07,Cancelado,73.18
933,61,19,2025-11-30,Entregue,63.64
934,53,2,2026-02-16,Entregue,70.88
935,34,41,2025-04-29,Entregue,37.46
936,65,48,2025-08-15,Entregue,25.62
937,64,46,2025-05-05,Entregue,63.48
938,22,37,2025-08-19,Entregue,68.13
939,25,16,2025-12-28,Entregue,23.09
940,47,4,2025-07-17,Entregue,40.41
941,22,48,2025-07-01,Entregue,75.31
942,58,35,2026-04-10,Entregue,35.86
943,6,27,2026-02-21,Entregue,44.88
944,68,14,2026-01-29,Entregue,71.49
945,21,5,2025-11-18,Entregue,24.73
946,47,44,2025-05-09,Atrasado,34.95
947,25,47,2025-06-27,Entregue,65.69
948,75,33,2025-08-01,Atrasado,77.28
949,13,17,2026-04-19,Atrasado,37.08
950,17,10,2025-07-28,Atrasado,16.64
951,44,20,2025-10-27,Cancelado,28.49
952,74,48,2026-04-24,Atrasado,60.49
953,72,35,2025-05-16,Entregue,34.88
954,5,24,2026-04-17,Entregue,47.34
955,18,17,2025-09-19,Entregue,38.88
956,89,7,2025-08-19,Entregue,78.59
957,75,3,2025-11-21,Entregue,31.08
958,44,22,2025-05-02,Atrasado,74.89
959,95,18,2025-09-26,Cancelado,54.07
960,52,10,2025-05-19,Atrasado,52.25
961,96,42,2025-05-27,Atrasado,63.54
962,97,50,2025-10-19,Entregue,52.01
963,69,8,2025-05-05,Entregue,44.87
964,79,26,2025-09-15,Entregue,65.02
965,53,32,2025-09-02,Entregue,36.23
966,53,41,2025-05-15,Entregue,57.36
967,67,15,2026-04-21,Entregue,35.82
968,33,25,2026-04-12,Atrasado,20.08
969,59,22,2025-10-16,Atrasado,56.55
970,40,42,2026-03-05,Entregue,24.02
971,88,5,2025-11-14,Entregue,21.03
972,62,39,2026-01-26,Cancelado,35.59
973,90,27,2025-05-26,Entregue,24.02
974,47,50,2025-12-21,Entregue,69.96
975,33,45,2025-10-19,Atrasado,18.75
976,27,13,2025-08-14,Atrasado,75.89
977,31,25,2025-10-31,Entregue,72.75
978,100,21,2026-03-04,Entregue,31.73
979,11,27,2026-03-10,Entregue,55.22
980,37,20,2026-02-02,Entregue,41.2
981,51,1,2025-10-29,Cancelado,47.58
982,54,33,2025-07-15,Entregue,75.93
983,3,22,2025-06-14,Cancelado,56.55
984,81,8,2026-04-06,Entregue,71.51
985,84,25,2025-09-08,Entregue,66.48
986,50,45,2025-11-09,Atrasado,65.49
987,39,13,2026-03-10,Cancelado,77.56
988,84,23,2025-05-11,Atrasado,73.31
989,78,25,2025-08-09,Entregue,38.28
990,61,42,2025-05-13,Atrasado,61.91
991,83,1,2025-06-15,Entregue,54.53
992,46,5,2025-05-02,Entregue,52.73
993,86,43,2025-09-19,Entregue,60.56
994,1,47,2025-05-30,Entregue,48.36
995,47,48,2026-01-08,Cancelado,72.9
996,91,17,2025-11-17,Atrasado,77.8
997,61,28,2026-02-24,Entregue,72.06
998,71,1,2025-09-07,Entregue,38.5
999,7,49,2025-05-14,Cancelado,60.79
1000,36,35,2026-04-18,Atrasado,27.68
